date,agg_mean__avg_pr,avg_q
1964-02-01,,
1964-03-01,,279.9676
1964-04-01,,502.031
1964-05-01,,213.3629
1964-06-01,,25.9365
1964-07-01,,8.3189
1964-08-01,,5.7547
1964-09-01,,5.6271
1964-10-01,,4.3634
1964-11-01,,3.2072
1964-12-01,,2.3277
1965-01-01,,4.5855
1965-02-01,,9.8693
1965-03-01,,49.5323
1965-04-01,,569.306
1965-05-01,,162.7658
1965-06-01,,28.8063
1965-07-01,,8.999
1965-08-01,,6.2706
1965-09-01,,4.4453
1965-10-01,,4.2508
1965-11-01,,1.81
1965-12-01,,1.8023
1966-01-01,,2.1069
1966-02-01,,95.63
1966-03-01,,15.5861
1966-04-01,,106.0587
1966-05-01,,8.2951
1966-06-01,,5.8792
1966-07-01,,3.7066
1966-08-01,,2.1697
1966-09-01,,0.744
1966-10-01,,0.4855
1966-11-01,,0.4987
1966-12-01,,1.6048
1967-01-01,,5.1019
1967-02-01,,51.2429
1967-03-01,,244.3239
1967-04-01,,599.0043
1967-05-01,,243.7435
1967-06-01,,16.6431
1967-07-01,,6.3699
1967-08-01,,3.5561
1967-09-01,,2.1687
1967-10-01,,1.3194
1967-11-01,,1.311
1967-12-01,,4.3677
1968-01-01,,5.4253
1968-02-01,,7.0966
1968-03-01,,230.3554
1968-04-01,,132.954
1968-05-01,,150.2095
1968-06-01,,14.904
1968-07-01,,6.7752
1968-08-01,,4.1911
1968-09-01,,2.636
1968-10-01,,1.3935
1968-11-01,,2.3403
1968-12-01,,4.9225
1969-01-01,,5.1655
1969-02-01,,13.4944
1969-03-01,,127.6437
1969-04-01,,165.6463
1969-05-01,,10.7927
1969-06-01,,6.6972
1969-07-01,,6.1218
1969-08-01,,3.9353
1969-09-01,,1.8693
1969-10-01,,1.0132
1969-11-01,,0.3537
1969-12-01,,0.1706
1970-01-01,,1.7861
1970-02-01,,10.1554
1970-03-01,,28.2548
1970-04-01,,13.9794
1970-05-01,,5.4658
1970-06-01,,1.4203
1970-07-01,,0.5245
1970-08-01,,0.1781
1970-09-01,,0.016
1970-10-01,,0.0
1970-11-01,,1.7793
1970-12-01,,0.2287
1971-01-01,,10.5329
1971-02-01,,2.9918
1971-03-01,,34.5819
1971-04-01,,142.0177
1971-05-01,,42.899
1971-06-01,,15.0155
1971-07-01,,3.7463
1971-08-01,,2.131
1971-09-01,,0.9577
1971-10-01,,0.989
1971-11-01,,0.7177
1971-12-01,,0.6981
1972-01-01,,1.6961
1972-02-01,,5.7511
1972-03-01,,13.1888
1972-04-01,,64.1137
1972-05-01,,7.7167
1972-06-01,,2.4041
1972-07-01,,1.5771
1972-08-01,,0.56
1972-09-01,,0.2387
1972-10-01,,0.0032
1972-11-01,,0.0
1972-12-01,,12.0022
1973-01-01,1.4833333333333334,10.3429
1973-02-01,4.489285714285715,3.0353
1973-03-01,8.745161290322581,35.2784
1973-04-01,8.866666666666667,141.4698
1973-05-01,4.729032258064516,43.2115
1973-06-01,1.89,17.8882
1973-07-01,1.3387096774193548,6.5909
1973-08-01,0.1354838709677419,3.4987
1973-09-01,2.563333333333333,1.925
1973-10-01,0.0935483870967742,1.7368
1973-11-01,0.3766666666666667,0.856
1973-12-01,0.4290322580645161,0.7829
1974-01-01,6.429426077147583,33.9823
1974-02-01,3.0072918868814376,29.2279
1974-03-01,9.402537679247054,218.0984
1974-04-01,16.040301068839458,944.2349
1974-05-01,7.300796483609133,480.5
1974-06-01,0.8100280906181153,109.5063
1974-07-01,0.0992804092925618,15.3042
1974-08-01,0.0,6.3122
1974-09-01,0.1009207644317596,3.9222
1974-10-01,0.2903738951756409,2.8184
1974-11-01,0.0005140457326617,2.1625
1974-12-01,1.3308471125209542,2.6789
1975-01-01,2.914665416370889,5.4032
1975-02-01,6.497483890376384,18.4788
1975-03-01,10.716890576434167,164.9626
1975-04-01,5.863513136114412,88.415
1975-05-01,6.227221782850688,166.8697
1975-06-01,1.659747416529764,15.3971
1975-07-01,0.9137869996557731,6.8217
1975-08-01,0.0322726566508441,2.9558
1975-09-01,0.0610720127942212,1.8133
1975-10-01,0.0067990210588255,1.1245
1975-11-01,0.3646027558790495,0.7893
1975-12-01,0.969628395403393,1.8816
1976-01-01,0.7608493163523898,1.1381
1976-02-01,8.062901529684014,89.3862
1976-03-01,5.6244843772558335,59.0187
1976-04-01,4.347817888099528,67.4012
1976-05-01,2.0186498835078583,6.3822
1976-06-01,0.2290462363090736,2.949
1976-07-01,0.0371854259183364,1.609
1976-08-01,0.0242168672614191,1.0226
1976-09-01,0.2751528432855989,0.6887
1976-10-01,0.5161780534013582,0.7129
1976-11-01,0.4862532238873072,0.877
1976-12-01,0.2432982352292228,0.3345
1977-01-01,4.40997528536565,9.1929
1977-02-01,3.878825489234557,12.4168
1977-03-01,7.731096221469109,49.3552
1977-04-01,7.045584631645837,123.2797
1977-05-01,2.816566469917288,72.221
1977-06-01,1.5902410053624576,5.6616
1977-07-01,1.1158974722365849,3.0975
1977-08-01,0.0315077872328613,1.5261
1977-09-01,0.013023218722916,0.62
1977-10-01,0.0063015574465722,0.2974
1977-11-01,0.0080537465594433,0.076
1977-12-01,1.4383388733472986,1.2235
1978-01-01,2.2051547499729915,4.2148
1978-02-01,3.2880020129182697,6.8093
1978-03-01,5.337862805692057,29.1842
1978-04-01,5.002755782130956,26.0744
1978-05-01,3.38622450706448,24.9972
1978-06-01,0.2596257989740761,2.7193
1978-07-01,0.2097246943015421,1.2919
1978-08-01,0.0014654159442432,0.7839
1978-09-01,0.0520274294801351,0.3113
1978-10-01,0.0009769439628288,0.0574
1978-11-01,0.2493849624620795,0.0697
1978-12-01,0.3220288293036552,0.3087
1979-01-01,3.148724501773192,14.9332
1979-02-01,3.4445000204337424,32.6679
1979-03-01,3.966416560457994,16.8177
1979-04-01,3.227622027215108,15.9357
1979-05-01,3.4703694659353594,6.1702
1979-06-01,0.7762006955346803,1.9447
1979-07-01,0.038964594069843,0.709
1979-08-01,0.284032453782697,0.2106
1979-09-01,0.1103230876413374,0.0917
1979-10-01,0.0043983362938387,0.0032
1979-11-01,1.513664243600701,0.0013
1979-12-01,0.134239002873422,0.0003
1980-01-01,2.055925102717455,3.8819
1980-02-01,8.849282327290728,69.6503
1980-03-01,3.2240678470987767,98.9239
1980-04-01,0.9853627797742546,3.7768
1980-05-01,0.0872676143325361,1.1732
1980-06-01,0.8588406875245964,0.627
1980-07-01,0.0034000225643931,0.2552
1980-08-01,0.0004691558713428,0.0435
1980-09-01,0.0925199818154312,0.0
1980-10-01,0.0009383117426856,0.0
1980-11-01,0.1428871288145591,0.036
1980-12-01,0.1962569073742922,0.0
1981-01-01,2.433886000074322,0.8219
1981-02-01,1.430843432750282,1.1032
1981-03-01,9.013321354474444,40.4813
1981-04-01,1.8286772826867024,115.4433
1981-05-01,1.4293325403439363,2.4968
1981-06-01,0.0034166783203827,0.7173
1981-07-01,0.0001759334517535,0.149
1981-08-01,0.4408694563465263,0.0058
1981-09-01,0.0,0.0
1981-10-01,0.0,0.0
1981-11-01,0.0058637678399904,0.0
1981-12-01,0.994742854199072,0.0
1982-01-01,1.853509562048264,0.8852
1982-02-01,3.5249492250317926,2.9854
1982-03-01,3.206437483072637,13.6842
1982-04-01,2.248334485563656,8.7384
1982-05-01,0.9376604361968158,1.4103
1982-06-01,0.3798898931205267,0.4627
1982-07-01,0.0458479947109023,0.099
1982-08-01,0.023458297069753,0.0032
1982-09-01,0.0,0.0
1982-10-01,0.1103235452135744,0.0
1982-11-01,0.1115257060745604,0.0
1982-12-01,0.097403960864878,0.0
1983-01-01,0.090510906473455,0.0
1983-02-01,4.855922249061903,5.8118
1983-03-01,2.161797929380513,2.7248
1983-04-01,0.6816122995408912,0.6543
1983-05-01,0.1964534776456147,0.04
1983-06-01,0.0049595700968069,0.0
1983-07-01,0.0248965269775352,0.0
1983-08-01,0.0291692641885799,0.0
1983-09-01,0.0018179790014533,0.0
1983-10-01,0.001172889678357,0.0
1983-11-01,0.0,
1984-01-01,1.3947727455502748,
1984-02-01,2.6475879220540484,0.15
1984-03-01,7.32532171988994,56.5668
1984-04-01,9.845141522671188,333.8111
1984-05-01,2.404101063650351,44.2399
1984-06-01,0.4474718873808826,6.4629
1984-07-01,0.3528174719471689,2.6192
1984-08-01,0.0172224933800136,1.3281
1984-09-01,0.0621015438833892,0.5257
1984-10-01,0.9312317961707464,0.0581
1984-11-01,0.3648449406261219,0.0127
1984-12-01,0.1644915036317802,0.0
1985-01-01,6.001921499539917,66.6455
1985-02-01,8.326829683162803,349.7225
1985-03-01,9.930761152574505,427.9271
1985-04-01,10.854179447031749,1055.5
1985-05-01,3.209280395505037,288.0989
1985-06-01,1.6247867833996883,38.995
1985-07-01,0.6144788278396957,15.0416
1985-08-01,0.041635745563293,5.7918
1985-09-01,0.0184602896170515,3.237
1985-10-01,0.0,2.0165
1985-11-01,0.0,1.51
1985-12-01,3.8202335888179855,20.7574
1986-01-01,2.554639772424149,16.2927
1986-02-01,6.513645142552599,88.7082
1986-03-01,10.411885335079036,532.0956
1986-04-01,5.6653437855206485,353.567
1986-05-01,2.0036387004521425,77.4074
1986-06-01,1.0214898796588952,22.4193
1986-07-01,0.2941082152587505,9.3836
1986-08-01,0.2318584226150981,4.538
1986-09-01,0.0106537682179904,2.8388
1986-10-01,0.0565220745325504,1.9187
1986-11-01,0.0209067585167136,1.414
1986-12-01,0.4508734520663496,1.171
1987-01-01,0.3750826843870498,1.3684
1987-02-01,2.164811269263719,4.6775
1987-03-01,8.205895296068508,61.2484
1987-04-01,1.2388349659058848,42.9752
1987-05-01,0.5048932214721652,6.2352
1987-06-01,1.047468187919505,2.7377
1987-07-01,0.1205241521675964,1.7268
1987-08-01,0.0,0.9019
1987-09-01,0.0018179790014533,0.4407
1987-10-01,0.0049847811330172,0.349
1987-11-01,0.0013937839011142,0.044
1987-12-01,0.0,0.0032
1988-01-01,1.7783516655649387,4.3332
1988-02-01,1.89508701405304,4.4024
1988-03-01,11.102780087594711,157.1659
1988-04-01,7.9142498806309876,311.6013
1988-05-01,2.1681563821427514,62.6345
1988-06-01,0.4995444837657197,8.1099
1988-07-01,0.0469664958008036,3.8052
1988-08-01,0.0,1.579
1988-09-01,0.0,0.7757
1988-10-01,0.0,0.4181
1988-11-01,0.056407843218445,0.2587
1988-12-01,3.130230604852166,4.6116
1989-01-01,1.9842940482889249,2.4055
1989-02-01,1.4737916293020203,2.1814
1989-03-01,6.506227109889492,63.5871
1989-04-01,12.13001791926422,483.4382
1989-05-01,6.179677331643875,338.0885
1989-06-01,0.7232959731606381,19.27
1989-07-01,0.7717820100407012,9.6631
1989-08-01,0.1529463813456539,3.5778
1989-09-01,0.0869437756042384,1.8867
1989-10-01,0.0017593345175355,1.1365
1989-11-01,0.0380539949060687,1.9993
1989-12-01,4.1008509886723,16.6706
1990-01-01,0.0668123796893093,5.8068
1990-02-01,6.159675146983081,10.2854
1990-03-01,1.3468015714460182,18.5477
1990-04-01,3.842669911335392,6.7678
1990-05-01,0.9747158297748192,5.9715
1990-06-01,0.117201637053052,2.3987
1990-07-01,0.6261873016773513,1.1458
1990-08-01,0.003763915712115,0.6668
1990-09-01,0.3558289904945184,0.4783
1990-10-01,0.0163679677335492,0.2135
1990-11-01,0.3505519957874671,0.032
1990-12-01,0.0968407761535322,0.5881
1991-01-01,3.870446919694871,6.1539
1991-02-01,4.769182219784085,9.7172
1991-03-01,6.899347702885593,79.2935
1991-04-01,2.856003705567673,51.134
1991-05-01,1.9544577519093835,12.8123
1991-06-01,0.2196279495067642,2.2473
1991-07-01,0.0149990730769461,0.9058
1991-08-01,0.001254638570705,0.3348
1991-09-01,0.0,0.051
1991-10-01,0.005096969193489,0.0039
1991-11-01,0.0258415248220378,0.0557
1991-12-01,0.0,0.0097
1992-01-01,3.366420080164208,0.0074
1992-02-01,3.479302895072005,3.311
1992-03-01,2.88761172282932,3.2294
1992-04-01,1.9012022264120807,7.5777
1992-05-01,0.0092413629532219,1.4797
1992-06-01,0.3051289029210089,0.4543
1992-07-01,0.0707248937366735,0.0042
1992-08-01,0.0008625640173596,0.0058
1992-09-01,0.0007292586692222,0.0
1992-10-01,0.001254638570705,0.0
1992-11-01,0.0,0.0
1992-12-01,0.0259107059621731,0.0
1993-01-01,0.5041962255985232,0.0
1993-02-01,1.3706249314158094,0.3489
1993-03-01,2.367612420427015,1.7377
1993-04-01,2.0525743670598016,5.4183
1993-05-01,1.5351509942453208,0.5245
1993-06-01,0.1517420354703756,0.0267
1993-07-01,0.5580299294276998,0.0
1993-08-01,0.0,0.0
1993-09-01,0.0317613040139576,0.0
1993-10-01,0.0106077629898759,0.0
1993-11-01,0.0,0.0
1993-12-01,0.6254509114040574,0.0
1994-01-01,3.0435272492815098,17.331
1994-02-01,3.047245505687436,12.4382
1994-03-01,5.717570350927722,16.7523
1994-04-01,3.6856358668304,36.5047
1994-05-01,1.2591836442383473,10.8203
1994-06-01,1.5023216211087655,3.6197
1994-07-01,0.260221138068928,2.8213
1994-08-01,0.012460637846311,0.8584
1994-09-01,0.0,0.4077
1994-10-01,0.0194416346581999,0.1187
1994-11-01,0.0143473883785964,0.0227
1994-12-01,1.0258032524371596,0.4765
1995-01-01,0.9198386732519392,0.09
1995-02-01,4.820899169756255,10.5604
1995-03-01,4.012373172621192,29.8752
1995-04-01,9.120507803626277,160.6523
1995-05-01,4.155765628013942,93.0216
1995-06-01,0.5411660849168188,14.2178
1995-07-01,0.4947429669045943,3.4728
1995-08-01,0.0003920745533453,1.5452
1995-09-01,0.0,0.4163
1995-10-01,0.3726108571159128,0.0616
1995-11-01,0.9218414878222488,0.3987
1995-12-01,0.1507603789481131,0.339
1996-01-01,4.059927020876411,4.1777
1996-02-01,1.5570025774979095,3.5052
1996-03-01,6.984777208087322,58.3597
1996-04-01,10.53672275969316,263.323
1996-05-01,1.1320375884628116,81.3303
1996-06-01,0.1452407535714638,4.9287
1996-07-01,0.0423360562991352,2.1094
1996-08-01,0.1637192340450104,1.4361
1996-09-01,0.0038927364549616,0.6347
1996-10-01,0.0145258015372543,0.1961
1996-11-01,1.0489400115618597,0.133
1996-12-01,0.0370451227334081,0.4168
1997-01-01,4.049201718477817,9.2248
1997-02-01,0.858179076341718,2.9793
1997-03-01,8.53111406389967,60.319
1997-04-01,3.8615017367500553,78.252
1997-05-01,2.1734456274105,20.9929
1997-06-01,0.0076075788765038,1.8097
1997-07-01,0.0752456795513278,0.4932
1997-08-01,0.0115414984316363,0.1203
1997-09-01,0.0007388450349809,0.0067
1997-10-01,0.005573302538713,0.0
1997-11-01,0.0571085747898162,0.0067
1997-12-01,0.6205966610130494,0.0239
1998-01-01,3.918657530215567,1.8542
1998-02-01,0.8546115528918611,5.1786
1998-03-01,3.348137714615649,11.87
1998-04-01,1.1473049854336814,1.8487
1998-05-01,0.1244299818387332,0.3965
1998-06-01,0.0373827544342677,0.3217
1998-07-01,0.0095490235877597,0.0261
1998-08-01,0.0420121803163524,0.0
1998-09-01,0.0,0.0
1998-10-01,0.0,0.0
1998-11-01,0.0,0.0
1998-12-01,0.1850688534378844,0.0
1999-01-01,4.2409565434634615,1.3581
1999-02-01,3.506160910535697,2.4625
1999-03-01,5.29499729034998,30.7581
1999-04-01,3.575827420676617,24.4087
1999-05-01,3.519424843753697,31.5126
1999-06-01,0.1317429822020805,1.5763
1999-07-01,0.0004122323836542,0.1706
1999-08-01,0.0,0.01
1999-09-01,0.0021298673155467,0.0
1999-10-01,0.0742515668673772,0.0648
1999-11-01,2.3006194668341298,0.1923
1999-12-01,2.929531001361535,2.1942
2000-01-01,2.9188966784020747,16.859
2000-02-01,6.587460788228429,45.6552
2000-03-01,5.6915427944289485,23.1261
2000-04-01,5.105477274465917,144.7483
2000-05-01,0.6256882254044502,9.3652
2000-06-01,0.2751342373838524,2.756
2000-07-01,0.2458273771767415,1.8377
2000-08-01,0.2617491484181217,1.1703
2000-09-01,0.3983214451775821,0.4043
2000-10-01,0.0044979800212186,0.1332
2000-11-01,0.3331438077484662,0.147
2000-12-01,1.2270040361476786,0.0719
2001-01-01,1.045781207016792,1.0706
2001-02-01,4.7740662548981945,16.8982
2001-03-01,3.7767225810199023,15.6706
2001-04-01,5.058959290050874,42.5023
2001-05-01,0.3312444014153562,7.227
2001-06-01,0.6208816796308404,1.6343
2001-07-01,0.0658439784963832,0.5368
2001-08-01,0.007138615280995,0.0929
2001-09-01,0.0094875897458461,0.0013
2001-10-01,0.0029062877582292,0.0
2001-11-01,0.0246005319229177,0.0
2001-12-01,0.0801872093779244,0.4903
2002-01-01,7.83984520013409,42.0726
2002-02-01,0.7691570160002495,2.3146
2002-03-01,4.457411775217388,16.8874
2002-04-01,3.818643123283141,44.67
2002-05-01,0.9815343632890884,9.1295
2002-06-01,0.607212734784238,3.4077
2002-07-01,0.032634731314324,0.6329
2002-08-01,0.0,0.2742
2002-09-01,0.0001215544600197,0.0967
2002-10-01,0.007533711570916,0.001
2002-11-01,0.0,0.0
2002-12-01,0.1561651591682077,0.1755
2003-01-01,1.9377260839482624,1.8874
2003-02-01,6.164654403645431,28.0732
2003-03-01,7.274264677310772,133.6603
2003-04-01,2.607064061657553,45.071
2003-05-01,0.618790961344949,9.4231
2003-06-01,1.2152431014912368,3.9689
2003-07-01,0.0345879613672823,1.6584
2003-08-01,0.0072581458227364,0.3523
2003-09-01,0.0,0.0353
2003-10-01,0.0,0.0
2003-11-01,6.860091045577001e-05,0.0
2003-12-01,0.169505546207112,0.0
2004-01-01,16.320318011121284,310.58
2004-02-01,5.199576585482389,396.73
2004-03-01,2.478871258846069,107.7845
2004-04-01,1.4059051621869496,12.5867
2004-05-01,0.8231694216631417,8.1891
2004-06-01,0.8249303983026379,5.6863
2004-07-01,0.2197505869468974,4.9824
2004-08-01,0.0234550191615335,2.2506
2004-09-01,0.0053911247414837,0.883
2004-10-01,0.0,0.2
2004-11-01,0.0602688193337121,0.011
2004-12-01,0.5902924418084271,0.0261
2005-01-01,4.834380428854708,15.1152
2005-02-01,1.429582323308603,8.7189
2005-03-01,6.980057059969623,74.1503
2005-04-01,2.299338686113418,34.346
2005-05-01,1.567965723334647,10.5903
2005-06-01,0.4004209990565334,3.4177
2005-07-01,0.0014931680736308,1.1894
2005-08-01,0.0602394424678922,0.2448
2005-09-01,0.0,0.01
2005-10-01,0.0,0.0
2005-11-01,0.0147327505468274,0.0
2005-12-01,1.1570670534728362,0.0
2006-01-01,3.019799170173642,0.2213
2006-02-01,3.916722671321597,3.5504
2006-03-01,4.122690535915231,21.8013
2006-04-01,4.349947147116726,52.1167
2006-05-01,1.9906407057166584,38.7358
2006-06-01,1.4064211620944873,4.5407
2006-07-01,0.4207142694762347,1.9213
2006-08-01,0.1531932643447513,0.4865
2006-09-01,0.2233371590840804,0.1127
2006-10-01,0.1934633701322802,0.0
2006-11-01,0.0100421505451234,0.0
2006-12-01,0.2473637306484791,0.0
2007-01-01,0.8662719653769181,0.0
2007-02-01,10.737676523761223,147.3175
2007-03-01,2.9758217109690754,17.5368
2007-04-01,2.6817593454111397,11.4738
2007-05-01,0.5455866282117962,6.5553
2007-06-01,0.3598673903096318,2.1293
2007-07-01,0.0749397747625871,0.6932
2007-08-01,0.0808459569608178,0.0574
2007-09-01,0.0441944853754324,0.0
2007-10-01,0.3566029213603999,0.0
2007-11-01,0.1253507785360965,0.0
2007-12-01,1.7644079192178923,0.0
2008-01-01,2.4659287616299403,0.361
2008-02-01,4.036951961384372,9.8807
2008-03-01,12.463066789387868,129.6772
2008-04-01,6.392678113119682,467.08
2008-05-01,1.5419893584312545,44.5848
2008-06-01,0.0411642572514736,6.8547
2008-07-01,0.1559473469797549,2.9155
2008-08-01,0.3964406134936431,1.5652
2008-09-01,0.0185226922765204,0.3317
2008-10-01,0.0197182924936972,0.0216
2008-11-01,0.0109815833929407,0.0
2008-12-01,0.1472545444011652,0.0
2009-01-01,2.816733663497922,2.2858
2009-02-01,5.626774997819282,11.7775
2009-03-01,4.098088970482374,71.4226
2009-04-01,11.261639550613976,360.8028
2009-05-01,5.395745475465025,544.5407
2009-06-01,0.7686548769839916,40.4678
2009-07-01,0.6217278501002557,10.1713
2009-08-01,0.0982830805796967,4.6184
2009-09-01,0.0993575274412596,2.9326
2009-10-01,0.1248144649371884,2.072
2009-11-01,0.0660080614261538,1.152
2009-12-01,0.4363183650037009,0.7613
2010-01-01,2.363771555622085,4.4587
2010-02-01,0.4899228187738343,1.5975
2010-03-01,1.9769592869829,2.5752
2010-04-01,3.586274482898596,25.8963
2010-05-01,0.5930598711707309,2.9781
2010-06-01,0.2087918388246703,1.37
2010-07-01,0.0947338994081849,0.3052
2010-08-01,0.0398162359616121,0.0197
2010-09-01,0.1016600928627122,0.0
2010-10-01,0.862450518863639,0.4265
2010-11-01,0.0205277192751868,0.0543
2010-12-01,3.736818361639849,1.3903
2011-01-01,4.924589582294288,9.9023
2011-02-01,5.016072593299522,12.8591
2011-03-01,4.115168347967182,49.8639
2011-04-01,4.988796357443604,31.49
2011-05-01,5.071984565368176,91.8095
2011-06-01,0.6150062934583439,6.9039
2011-07-01,3.442769633886326,4.3689
2011-08-01,0.9269846912571582,2.5584
2011-09-01,0.0137874113873307,0.8727
2011-10-01,0.722908644054672,0.2694
2011-11-01,0.0825653655355988,0.31
2011-12-01,0.0016015364697836,0.0045
2012-01-01,1.2335701692412404,0.0
2012-02-01,3.730508299960089,9.7097
2012-03-01,1.7476591351246409,8.2494
2012-04-01,0.9229147471010994,5.4307
2012-05-01,0.1115801818809343,0.5671
2012-06-01,0.0209486667193628,0.0237
2012-07-01,0.010849439224172,0.0
2012-08-01,0.0,0.0
2012-09-01,0.0,0.0
2012-10-01,0.0012378037324604,0.0
2012-11-01,0.0229511269330037,0.0
2012-12-01,0.0148375335312602,0.0
2013-01-01,0.7807867236736328,0.0
2013-02-01,1.8460470336037584,0.025
2013-03-01,1.842403697937212,2.5713
2013-04-01,2.3565222207021126,11.3203
2013-05-01,1.19446576297844,1.2684
2013-06-01,0.976743618268084,0.116
2013-07-01,0.3745264774296472,0.2387
2013-08-01,0.0567248799745368,0.0016
2013-09-01,0.0012638852793695,0.0
2013-10-01,0.0745474347726018,0.0
2013-11-01,0.7116348450188392,0.0
2013-12-01,1.4967591889875067,0.0
2014-01-01,1.2711557323577314,0.0
2014-02-01,1.9757263288120868,9.6436
2014-03-01,4.3985126976044615,35.3545
2014-04-01,2.8575978370261668,19.0563
2014-05-01,1.2789451684558617,5.1073
2014-06-01,0.0454546389449556,1.3513
2014-07-01,0.0013387938319711,0.0752
2014-08-01,0.0027397596958895,0.0
2014-09-01,0.0133037137176436,0.0
2014-10-01,0.2309901525417521,0.0
2014-11-01,0.7940050927268192,0.0
2014-12-01,0.3405693910109157,0.0
2015-01-01,0.7496053189926049,0.0
2015-02-01,3.642634314565826,0.01
2015-03-01,4.035579628413686,3.9123
2015-04-01,2.686142367262742,6.3713
2015-05-01,1.2793579668813122,2.5377
2015-06-01,1.5959942373646705,0.2863
2015-07-01,0.9368644809577014,0.01
2015-08-01,0.5431889568480938,0.0
2015-09-01,0.0168644810295427,0.0
2015-10-01,0.3255588502667367,0.0
2015-11-01,0.0,0.0
2015-12-01,0.1917746143498418,0.0
2016-01-01,7.293617538127441,18.77
2016-02-01,1.233474806224883,2.5141
2016-03-01,3.163455588436761,4.3587
2016-04-01,1.8357325013811328,8.9253
2016-05-01,0.6050066258621177,0.7235
2016-06-01,0.2081062461206739,0.17
2016-07-01,0.0489511120568026,0.0
2016-08-01,0.0262492619504897,0.0
2016-09-01,0.0,0.0
2016-10-01,0.002500653304783,0.0
2016-11-01,0.1719008458060781,0.0
2016-12-01,0.8868211577529599,0.0
2017-01-01,1.1645459705235386,0.0
2017-02-01,5.327611705821709,20.37
2017-03-01,3.034994017963895,8.8961
2017-04-01,2.255200293825932,7.6257
2017-05-01,0.660920443106345,1.8629
2017-06-01,0.0611109279443462,0.4273
2017-07-01,0.0651051637856099,0.01
2017-08-01,0.0008278296554608,0.0
2017-09-01,0.1236682602496429,0.0
2017-10-01,0.0001379716092434,0.0
2017-11-01,0.077695354789684,0.0
2017-12-01,0.188642923921127,0.0
2018-01-01,1.6049937898229578,0.0
2018-02-01,7.094693907498487,41.32
2018-03-01,3.865380017466797,35.9477
2018-04-01,5.663851782326043,134.92
2018-05-01,0.4917126385574635,4.5623
2018-06-01,0.3235099501589699,1.5367
2018-07-01,0.3344051825993934,0.2668
2018-08-01,0.2769268175280303,0.01
2018-09-01,0.0038281445745668,0.0
2018-10-01,0.5416294061753707,0.0
2018-11-01,0.2388629224662731,0.0
2018-12-01,3.98901074942052,4.56
2019-01-01,1.9396651113165584,2.1945
2019-02-01,4.988473054997651,7.8311
2019-03-01,5.9994359348192985,44.8981
2019-04-01,5.124214624857373,130.2387
2019-05-01,2.0071169794487136,28.9448
2019-06-01,0.4053064764038841,3.1747
2019-07-01,0.6040687325733535,1.4032
2019-08-01,0.2419309308025797,0.9394
2019-09-01,0.2607611401371837,0.071
2019-10-01,0.098602879894869,0.0
2019-11-01,0.1401704293772913,0.0
2019-12-01,0.3884070025108769,0.0
2020-01-01,5.078987868410556,3.66
2020-02-01,4.2710123191332094,11.84
2020-03-01,10.389594151175856,218.3613
2020-04-01,3.5968251497477968,46.7537
2020-05-01,1.9400002234039029,12.6913
2020-06-01,0.3758253688516804,4.2213
2020-07-01,0.1776492181856025,1.4758
2020-08-01,0.0659333042987334,0.48
2020-09-01,0.0023925903591042,0.05
2020-10-01,0.1098930648679113,0.0
2020-11-01,2.355179046136094,4.33
2020-12-01,0.1183222184606892,0.6965
2021-01-01,0.994062616262646,0.6968
2021-02-01,6.255276151067234,14.1225
2021-03-01,4.035860093733119,19.2587
2021-04-01,2.907638193137088,17.8117
2021-05-01,1.2289796458204978,12.6865
2021-06-01,0.215425218392667,1.5787
2021-07-01,0.2874565600996281,0.5503
2021-08-01,0.0003142255940587,0.02
2021-09-01,0.0313537607552748,0.0
2021-10-01,0.7627266554580949,0.0
2021-11-01,1.0489426389150538,4.473
2021-12-01,1.3816407999744336,1.3916
